n,f1_macro,precision_direccional,exactitud,f1_maximo,f1_minimo,f1_continuidad,modelo,conjunto,ejecutado_utc
1959,0.31606263982102906,0.0,0.9014803471158754,0.0,0.0,0.9481879194630872,baseline_trivial,validacion,2026-08-18T01:08:56+00:00
1959,0.31606263982102906,0.0,0.9014803471158754,0.0,0.0,0.9481879194630872,baseline_mayoritario,validacion,2026-08-18T01:08:56+00:00
1959,0.3367840908780229,0.05181347150259067,0.8223583460949464,0.05181347150259067,0.053763440860215055,0.904775360271263,baseline_aleatorio,validacion,2026-08-18T01:08:56+00:00
1959,0.3443065490077563,0.031088082901554404,0.885145482388974,0.07462686567164178,0.019417475728155338,0.9388753056234719,bosque_aleatorio,validacion,2026-08-18T01:08:58+00:00
1959,0.3672006511532457,0.08808290155440414,0.8386932108218479,0.07792207792207792,0.11224489795918367,0.9114349775784754,bosque_aleatorio_sin_niveles,validacion,2026-08-18T01:09:00+00:00
1959,0.31606263982102906,0.0,0.9014803471158754,0.0,0.0,0.9481879194630872,bosque_aleatorio_sin_pesos,validacion,2026-08-18T01:09:03+00:00
1959,0.31606263982102906,0.0,0.9014803471158754,0.0,0.0,0.9481879194630872,baseline_trivial,validacion,2026-08-20T04:39:18+00:00
1959,0.31606263982102906,0.0,0.9014803471158754,0.0,0.0,0.9481879194630872,baseline_mayoritario,validacion,2026-08-20T04:39:18+00:00
1959,0.3367840908780229,0.05181347150259067,0.8223583460949464,0.05181347150259067,0.053763440860215055,0.904775360271263,baseline_aleatorio,validacion,2026-08-20T04:39:18+00:00
1959,0.3443065490077563,0.031088082901554404,0.885145482388974,0.07462686567164178,0.019417475728155338,0.9388753056234719,bosque_aleatorio,validacion,2026-08-20T04:39:20+00:00
1959,0.3672006511532457,0.08808290155440414,0.8386932108218479,0.07792207792207792,0.11224489795918367,0.9114349775784754,bosque_aleatorio_sin_niveles,validacion,2026-08-20T04:39:21+00:00
1959,0.31606263982102906,0.0,0.9014803471158754,0.0,0.0,0.9481879194630872,bosque_aleatorio_sin_pesos,validacion,2026-08-20T04:39:23+00:00
1959,0.31606263982102906,0.0,0.9014803471158754,0.0,0.0,0.9481879194630872,baseline_trivial,validacion,2026-08-21T16:39:44+00:00
1959,0.31606263982102906,0.0,0.9014803471158754,0.0,0.0,0.9481879194630872,baseline_mayoritario,validacion,2026-08-21T16:39:44+00:00
1959,0.3367840908780229,0.05181347150259067,0.8223583460949464,0.05181347150259067,0.053763440860215055,0.904775360271263,baseline_aleatorio,validacion,2026-08-21T16:39:44+00:00
1959,0.3443065490077563,0.031088082901554404,0.885145482388974,0.07462686567164178,0.019417475728155338,0.9388753056234719,bosque_aleatorio_rezagos_en_nivel,validacion,2026-08-21T16:39:45+00:00
1959,0.3672006511532457,0.08808290155440414,0.8386932108218479,0.07792207792207792,0.11224489795918367,0.9114349775784754,bosque_aleatorio_sin_rezagos,validacion,2026-08-21T16:39:46+00:00
1959,0.31606263982102906,0.0,0.9014803471158754,0.0,0.0,0.9481879194630872,bosque_aleatorio_sin_pesos_rezagos_en_nivel,validacion,2026-08-21T16:39:47+00:00
1959,0.31606263982102906,0.0,0.9014803471158754,0.0,0.0,0.9481879194630872,baseline_trivial,validacion,2026-08-21T16:39:50+00:00
1959,0.31606263982102906,0.0,0.9014803471158754,0.0,0.0,0.9481879194630872,baseline_mayoritario,validacion,2026-08-21T16:39:50+00:00
1959,0.3367840908780229,0.05181347150259067,0.8223583460949464,0.05181347150259067,0.053763440860215055,0.904775360271263,baseline_aleatorio,validacion,2026-08-21T16:39:50+00:00
1959,0.390497720487045,0.10362694300518134,0.8580908626850434,0.10810810810810811,0.14035087719298245,0.9230341761600445,bosque_aleatorio_rezagos_relativos,validacion,2026-08-21T16:39:50+00:00
1959,0.3672006511532457,0.08808290155440414,0.8386932108218479,0.07792207792207792,0.11224489795918367,0.9114349775784754,bosque_aleatorio_sin_rezagos,validacion,2026-08-21T16:39:51+00:00
1959,0.31606263982102906,0.0,0.9014803471158754,0.0,0.0,0.9481879194630872,bosque_aleatorio_sin_pesos_rezagos_relativos,validacion,2026-08-21T16:39:53+00:00
1959,0.31606263982102906,0.0,0.9014803471158754,0.0,0.0,0.9481879194630872,baseline_trivial,validacion,2026-08-21T20:24:29+00:00
1959,0.31606263982102906,0.0,0.9014803471158754,0.0,0.0,0.9481879194630872,baseline_mayoritario,validacion,2026-08-21T20:24:29+00:00
1959,0.3367840908780229,0.05181347150259067,0.8223583460949464,0.05181347150259067,0.053763440860215055,0.904775360271263,baseline_aleatorio,validacion,2026-08-21T20:24:29+00:00
1959,0.390497720487045,0.10362694300518134,0.8580908626850434,0.10810810810810811,0.14035087719298245,0.9230341761600445,bosque_aleatorio_rezagos_relativos,validacion,2026-08-21T20:24:30+00:00
1959,0.3672006511532457,0.08808290155440414,0.8386932108218479,0.07792207792207792,0.11224489795918367,0.9114349775784754,bosque_aleatorio_sin_rezagos,validacion,2026-08-21T20:24:31+00:00
1959,0.31606263982102906,0.0,0.9014803471158754,0.0,0.0,0.9481879194630872,bosque_aleatorio_sin_pesos_rezagos_relativos,validacion,2026-08-21T20:24:32+00:00
1959,0.3685892678679214,0.09326424870466321,0.8300153139356815,0.08771929824561403,0.1111111111111111,0.9069373942470389,chronos_bolt,validacion,2026-08-21T20:24:52+00:00
1959,0.31606263982102906,0.0,0.9014803471158754,0.0,0.0,0.9481879194630872,baseline_trivial,validacion,2026-08-21T20:52:30+00:00
1959,0.31606263982102906,0.0,0.9014803471158754,0.0,0.0,0.9481879194630872,baseline_mayoritario,validacion,2026-08-21T20:52:30+00:00
1959,0.3367840908780229,0.05181347150259067,0.8223583460949464,0.05181347150259067,0.053763440860215055,0.904775360271263,baseline_aleatorio,validacion,2026-08-21T20:52:30+00:00
1959,0.390497720487045,0.10362694300518134,0.8580908626850434,0.10810810810810811,0.14035087719298245,0.9230341761600445,bosque_aleatorio_rezagos_relativos,validacion,2026-08-21T20:52:30+00:00
1959,0.3672006511532457,0.08808290155440414,0.8386932108218479,0.07792207792207792,0.11224489795918367,0.9114349775784754,bosque_aleatorio_sin_rezagos,validacion,2026-08-21T20:52:31+00:00
1959,0.31606263982102906,0.0,0.9014803471158754,0.0,0.0,0.9481879194630872,bosque_aleatorio_sin_pesos_rezagos_relativos,validacion,2026-08-21T20:52:32+00:00
1959,0.3685892678679214,0.09326424870466321,0.8300153139356815,0.08771929824561403,0.1111111111111111,0.9069373942470389,chronos_bolt,validacion,2026-08-21T20:52:51+00:00
1959,0.3457056736197257,0.07772020725388601,0.8055130168453293,0.07407407407407407,0.07142857142857142,0.8916143753565317,itransformer,validacion,2026-08-21T20:53:19+00:00
1959,0.32447364191325434,0.05181347150259067,0.7947932618683001,0.07627118644067797,0.010362694300518135,0.886787044998567,itransformer_solo_ltc,validacion,2026-08-21T20:53:42+00:00
1960,0.31803628601921025,0.0,0.9122448979591836,0.0,0.0,0.9541088580576307,baseline_trivial,prueba,2026-09-07T22:46:44+00:00
1960,0.31803628601921025,0.0,0.9122448979591836,0.0,0.0,0.9541088580576307,baseline_mayoritario,prueba,2026-09-07T22:46:44+00:00
1960,0.34354616620670914,0.06395348837209303,0.8306122448979592,0.07777777777777778,0.0449438202247191,0.9079169006176305,baseline_aleatorio,prueba,2026-09-07T22:46:44+00:00
1960,0.3785671032002717,0.10465116279069768,0.8596938775510204,0.046153846153846156,0.16574585635359115,0.9238016070933777,bosque_aleatorio_rezagos_relativos,prueba,2026-09-07T22:46:45+00:00
1960,0.34999059917527164,0.06395348837209303,0.8459183673469388,0.06299212598425197,0.0707070707070707,0.9162726008344924,chronos_bolt,prueba,2026-09-07T22:47:07+00:00
1960,0.3487512632663587,0.09302325581395349,0.8122448979591836,0.11607142857142858,0.032432432432432434,0.8977499287952151,itransformer,prueba,2026-09-07T22:47:40+00:00
